init_arg_con_out_uM,init_orn_con_in_mM,init_orn_con_out_nM_estimated,Time_s,arg_nmol_mg_arcd,ArcD_mg,replicate,arg_nmol
1,0.5,23,0,0,0.000818,1,0
1,0.5,23,5,20.62,0.000818,1,0.0169
1,0.5,23,10,28.14,0.000818,1,0.023
1,0.5,23,25,36.72,0.000818,1,0.03
1,0.5,23,40,37.79,0.000818,1,0.0309
1,0.5,23,60,47.53,0.000818,1,0.0389
1,0.5,23,90,46.84,0.000818,1,0.0383
2,0.5,23,0,0,0.000818,1,0
2,0.5,23,5,28.561,0.000818,1,0.0233
2,0.5,23,10,39.493,0.000818,1,0.0323
2,0.5,23,25,57.994,0.000818,1,0.0474
2,0.5,23,40,55.113,0.000818,1,0.0451
2,0.5,23,60,71.028,0.000818,1,0.0581
2,0.5,23,90,78.254,0.000818,1,0.064
5,0.5,23,0,0,0.000818,1,0
5,0.5,23,5,43.189,0.000818,1,0.0353
5,0.5,23,10,51.46,0.000818,1,0.0421
5,0.5,23,25,80.105,0.000818,1,0.0655
5,0.5,23,40,82.929,0.000818,1,0.0678
5,0.5,23,60,105.17,0.000818,1,0.086
5,0.5,23,90,106.178,0.000818,1,0.0868
10,0.5,23,0,0,0.000818,1,0
10,0.5,23,5,53.481,0.000818,1,0.0437
10,0.5,23,10,62.969,0.000818,1,0.0515
10,0.5,23,25,87.781,0.000818,1,0.0718
10,0.5,23,40,92.348,0.000818,1,0.0755
10,0.5,23,60,110.361,0.000818,1,0.0902
10,0.5,23,90,123.046,0.000818,1,0.101
25,0.5,23,0,0,0.000818,1,0
25,0.5,23,5,74.512,0.000818,1,0.0609
25,0.5,23,10,98.13,0.000818,1,0.0802
25,0.5,23,25,117.693,0.000818,1,0.0962
25,0.5,23,40,126.361,0.000818,1,0.103
25,0.5,23,60,137.335,0.000818,1,0.112
25,0.5,23,90,132.484,0.000818,1,0.108
50,0.5,23,0,0,0.000818,1,0
50,0.5,23,5,57.052,0.000818,1,0.0466
50,0.5,23,10,77.655,0.000818,1,0.0635
50,0.5,23,25,105.23,0.000818,1,0.086
50,0.5,23,40,110.143,0.000818,1,0.09
50,0.5,23,60,131.062,0.000818,1,0.107
50,0.5,23,90,154.834,0.000818,1,0.127
100,0.5,23,0,0,0.000818,1,0
100,0.5,23,5,33.284,0.000818,1,0.0272
100,0.5,23,10,61.836,0.000818,1,0.0506
100,0.5,23,25,97.17,0.000818,1,0.0794
100,0.5,23,40,135.502,0.000818,1,0.111
100,0.5,23,60,135.345,0.000818,1,0.111
100,0.5,23,90,168.471,0.000818,1,0.138
1,2.5,110,0,0,0.000818,1,0
1,2.5,110,5,27.79143,0.000818,1,0.0227
1,2.5,110,10,39.90329,0.000818,1,0.0326
1,2.5,110,25,44.86441,0.000818,1,0.0367
1,2.5,110,40,47.60527,0.000818,1,0.0389
1,2.5,110,60,48.70774,0.000818,1,0.0398
1,2.5,110,90,45.56876,0.000818,1,0.0373
2,2.5,110,0,0,0.000818,1,0
2,2.5,110,5,42.32231,0.000818,1,0.0346
2,2.5,110,10,64.15649,0.000818,1,0.0524
2,2.5,110,25,69.74416,0.000818,1,0.057
2,2.5,110,40,82.98554,0.000818,1,0.0678
2,2.5,110,60,104.13104,0.000818,1,0.0851
2,2.5,110,90,98.80945,0.000818,1,0.0808
5,2.5,110,0,0,0.000818,1,0
5,2.5,110,5,79.38482,0.000818,1,0.0649
5,2.5,110,10,113.38418,0.000818,1,0.0927
5,2.5,110,25,141.87587,0.000818,1,0.116
5,2.5,110,40,163.27111,0.000818,1,0.133
5,2.5,110,60,236.88345,0.000818,1,0.194
5,2.5,110,90,225.86807,0.000818,1,0.185
10,2.5,110,0,0,0.000818,1,0
10,2.5,110,5,100.14335,0.000818,1,0.0819
10,2.5,110,10,155.17369,0.000818,1,0.127
10,2.5,110,25,239.57869,0.000818,1,0.196
10,2.5,110,40,260.59909,0.000818,1,0.213
10,2.5,110,60,308.02974,0.000818,1,0.252
10,2.5,110,90,343.33324,0.000818,1,0.281
25,2.5,110,0,0,0.000818,1,0
25,2.5,110,5,143.84844,0.000818,1,0.118
25,2.5,110,10,207.37217,0.000818,1,0.17
25,2.5,110,25,327.37922,0.000818,1,0.268
25,2.5,110,40,316.41857,0.000818,1,0.259
25,2.5,110,60,419.94465,0.000818,1,0.343
25,2.5,110,90,473.54779,0.000818,1,0.387
50,2.5,110,0,0,0.000818,1,0
50,2.5,110,5,140.13423,0.000818,1,0.115
50,2.5,110,10,202.95302,0.000818,1,0.166
50,2.5,110,25,294.28188,0.000818,1,0.241
50,2.5,110,40,410.73826,0.000818,1,0.336
50,2.5,110,60,534.60403,0.000818,1,0.437
50,2.5,110,90,509.95973,0.000818,1,0.417
100,2.5,110,0,0,0.000818,1,0
100,2.5,110,5,193.39775,0.000818,1,0.158
100,2.5,110,10,204.02576,0.000818,1,0.167
100,2.5,110,25,428.18035,0.000818,1,0.35
100,2.5,110,40,495.49114,0.000818,1,0.405
100,2.5,110,60,612.56039,0.000818,1,0.501
100,2.5,110,90,646.53784,0.000818,1,0.529
1,2.5,110,0,0,0.000818,2,0
1,2.5,110,5,29.23484,0.000818,2,0.0239
1,2.5,110,10,39.68437,0.000818,2,0.0324
1,2.5,110,25,46.39113,0.000818,2,0.0379
1,2.5,110,40,50.4438,0.000818,2,0.0412
1,2.5,110,60,50.8888,0.000818,2,0.0416
1,2.5,110,90,46.01765,0.000818,2,0.0376
2,2.5,110,0,0,0.000818,2,0
2,2.5,110,5,41.8164,0.000818,2,0.0342
2,2.5,110,10,64.70219,0.000818,2,0.0529
2,2.5,110,25,71.28884,0.000818,2,0.0583
2,2.5,110,40,84.55781,0.000818,2,0.0691
2,2.5,110,60,106.07205,0.000818,2,0.0867
2,2.5,110,90,101.47894,0.000818,2,0.083
5,2.5,110,0,0,0.000818,2,0
5,2.5,110,5,88.11025,0.000818,2,0.072
5,2.5,110,10,120.52522,0.000818,2,0.0985
5,2.5,110,25,150.43468,0.000818,2,0.123
5,2.5,110,40,166.82486,0.000818,2,0.136
5,2.5,110,60,241.41582,0.000818,2,0.197
5,2.5,110,90,228.31412,0.000818,2,0.187
10,2.5,110,0,0,0.000818,2,0
10,2.5,110,5,101.11531,0.000818,2,0.0827
10,2.5,110,10,149.9388,0.000818,2,0.123
10,2.5,110,25,241.87636,0.000818,2,0.198
10,2.5,110,40,260.60537,0.000818,2,0.213
10,2.5,110,60,305.96053,0.000818,2,0.25
10,2.5,110,90,350.46194,0.000818,2,0.287
25,2.5,110,0,0,0.000818,2,0
25,2.5,110,5,145.60156,0.000818,2,0.119
25,2.5,110,10,220.10481,0.000818,2,0.18
25,2.5,110,25,338.46688,0.000818,2,0.277
25,2.5,110,40,325.65783,0.000818,2,0.266
25,2.5,110,60,429.18411,0.000818,2,0.351
25,2.5,110,90,477.50178,0.000818,2,0.39
50,2.5,110,0,0,0.000818,2,0
50,2.5,110,5,148.10796,0.000818,2,0.121
50,2.5,110,10,193.67964,0.000818,2,0.158
50,2.5,110,25,301.26136,0.000818,2,0.246
50,2.5,110,40,416.1671,0.000818,2,0.34
50,2.5,110,60,534.32795,0.000818,2,0.437
50,2.5,110,90,537.74583,0.000818,2,0.44
100,2.5,110,0,0,0.000818,2,0
100,2.5,110,5,176.84211,0.000818,2,0.145
100,2.5,110,10,202.90982,0.000818,2,0.166
100,2.5,110,25,427.86457,0.000818,2,0.35
100,2.5,110,40,488.85015,0.000818,2,0.4
100,2.5,110,60,608.24673,0.000818,2,0.497
100,2.5,110,90,648.6356,0.000818,2,0.53
1,5,230,0,0,0.000818,1,0
1,5,230,5,41.04,0.000818,1,0.0336
1,5,230,10,41.66,0.000818,1,0.0341
1,5,230,25,46.45,0.000818,1,0.038
1,5,230,40,47.36,0.000818,1,0.0387
1,5,230,60,50.45,0.000818,1,0.0412
1,5,230,90,52.98,0.000818,1,0.0433
2,5,230,0,0,0.000818,1,0
2,5,230,5,79.078,0.000818,1,0.0646
2,5,230,10,92.594,0.000818,1,0.0757
2,5,230,25,106.587,0.000818,1,0.0871
2,5,230,40,106.242,0.000818,1,0.0869
2,5,230,60,123.897,0.000818,1,0.101
2,5,230,90,120.448,0.000818,1,0.0985
5,5,230,0,0,0.000818,1,0
5,5,230,5,130.854,0.000818,1,0.107
5,5,230,10,161.405,0.000818,1,0.132
5,5,230,25,211.713,0.000818,1,0.173
5,5,230,40,249.246,0.000818,1,0.204
5,5,230,60,267.863,0.000818,1,0.219
5,5,230,90,257.267,0.000818,1,0.21
10,5,230,0,0,0.000818,1,0
10,5,230,5,213.143,0.000818,1,0.174
10,5,230,10,258.449,0.000818,1,0.211
10,5,230,25,326.723,0.000818,1,0.267
10,5,230,40,358.238,0.000818,1,0.293
10,5,230,60,459.757,0.000818,1,0.376
10,5,230,90,444.603,0.000818,1,0.363
25,5,230,0,0,0.000818,1,0
25,5,230,5,274.559,0.000818,1,0.224
25,5,230,10,280.79,0.000818,1,0.23
25,5,230,25,440.825,0.000818,1,0.36
25,5,230,40,535.237,0.000818,1,0.438
25,5,230,60,637.299,0.000818,1,0.521
25,5,230,90,737.074,0.000818,1,0.603
50,5,230,0,0,0.000818,1,0
50,5,230,5,228.698,0.000818,1,0.187
50,5,230,10,318.181,0.000818,1,0.26
50,5,230,25,504.631,0.000818,1,0.413
50,5,230,40,557.947,0.000818,1,0.456
50,5,230,60,768.094,0.000818,1,0.628
50,5,230,90,920.87,0.000818,1,0.753
100,5,230,0,0,0.000818,1,0
100,5,230,5,150.02,0.000818,1,0.123
100,5,230,10,264.987,0.000818,1,0.217
100,5,230,25,526.919,0.000818,1,0.431
100,5,230,40,618.732,0.000818,1,0.506
100,5,230,60,875.037,0.000818,1,0.715
100,5,230,90,932.44,0.000818,1,0.762
1,10,460,0,0,0.000818,1,0
1,10,460,5,41.43,0.000818,1,0.0339
1,10,460,10,51.06,0.000818,1,0.0417
1,10,460,25,57.56,0.000818,1,0.0471
1,10,460,40,52.29,0.000818,1,0.0427
1,10,460,60,69.03,0.000818,1,0.0564
1,10,460,90,56.15,0.000818,1,0.0459
2,10,460,0,0,0.000818,1,0
2,10,460,5,82.361,0.000818,1,0.0673
2,10,460,10,90.012,0.000818,1,0.0736
2,10,460,25,107.429,0.000818,1,0.0878
2,10,460,40,109.433,0.000818,1,0.0895
2,10,460,60,120.551,0.000818,1,0.0986
2,10,460,90,113.076,0.000818,1,0.0924
5,10,460,0,0,0.000818,1,0
5,10,460,5,157.013,0.000818,1,0.128
5,10,460,10,193.049,0.000818,1,0.158
5,10,460,25,265.533,0.000818,1,0.217
5,10,460,40,249.385,0.000818,1,0.204
5,10,460,60,307.977,0.000818,1,0.252
5,10,460,90,280.091,0.000818,1,0.229
10,10,460,0,0,0.000818,1,0
10,10,460,5,235.549,0.000818,1,0.193
10,10,460,10,317.278,0.000818,1,0.259
10,10,460,25,445.495,0.000818,1,0.364
10,10,460,40,419.582,0.000818,1,0.343
10,10,460,60,587.913,0.000818,1,0.481
10,10,460,90,517.689,0.000818,1,0.423
25,10,460,0,0,0.000818,1,0
25,10,460,5,303.373,0.000818,1,0.248
25,10,460,10,474.03,0.000818,1,0.388
25,10,460,25,763.874,0.000818,1,0.624
25,10,460,40,730.469,0.000818,1,0.597
25,10,460,60,845.348,0.000818,1,0.691
25,10,460,90,1050.242,0.000818,1,0.859
50,10,460,0,0,0.000818,1,0
50,10,460,5,543.757,0.000818,1,0.445
50,10,460,10,614.599,0.000818,1,0.502
50,10,460,25,975.668,0.000818,1,0.798
50,10,460,40,1065.816,0.000818,1,0.871
50,10,460,60,1412.365,0.000818,1,1.15
50,10,460,90,1526.286,0.000818,1,1.25
100,10,460,0,0,0.000818,1,0
100,10,460,5,512.098,0.000818,1,0.419
100,10,460,10,629.846,0.000818,1,0.515
100,10,460,25,1098.383,0.000818,1,0.898
100,10,460,40,1220.389,0.000818,1,0.998
100,10,460,60,1431.32,0.000818,1,1.17
100,10,460,90,1631.443,0.000818,1,1.33
